{"layerCount": 4, "neuronDistribution": [2, 10, 4, 1], "weights": [[[0.300382512612529, 0.6090785426130487], [0.5226413510808922, 0.10546138049870164], [0.296279284970085, 0.8844037674832353], [0.05778599518106762, 0.836046412036734], [0.7034251875344865, 0.5142383284821157], [0.35495932480475295, 0.5799331869264245], [0.5541163245030293, 0.20720828562846455], [0.5073383823372735, -0.05825126071708897], [0.6654068599259283, -0.051120483969887526], [0.7183088256170371, 0.8870395289969597]], [[0.4851736473978537, 0.5959654303110643, 0.5097921564711674, -0.08957111807645327, 0.10436179816915439, 0.8451285618256721, 0.3846905052743844, 1.0486446662573599, 0.7273416384467809, 0.26943929000299643], [0.3951573468256784, 0.12068077008024335, 0.32451110878767325, 0.19371160184337252, 0.783449979302927, 0.6119964992008624, 0.01602298666223329, 0.5724154464836437, 0.4118845646851581, 0.43672469229829913], [0.58331165581897, 0.8291688873560363, 0.6712222644931588, 0.35096823987214604, 0.16257689643998743, 0.6346289591334594, 0.041141145475482005, 0.12816442047623383, 0.9202265740180123, 1.0026939634557144], [0.38107816566937047, 0.3444654307964475, 0.9109984832147938, 0.1558854435399746, 0.18650657352143885, 0.8141564722225839, 0.38482478195352543, 0.8014520234103567, 0.017804772195615312, 0.49120902915115455]], [[0.760290184378402, -0.1299559869653852, -0.2513077190747883, 0.028169075259769184]]], "biases": [[0.07163150371494668, 0.6355602822783992, 0.41881865876138374, 0.23467690740158803, 0.9872288787090289, 0.5574366751659879, 0.8441688490608886, 1.013218519361762, 0.7969061806777646, 0.9591701970245805], [1.0592493488848103, 0.39391724966302527, 0.7914789626959782, 0.980656515933744], [0.4986571594616832]], "actvFns": ["linear", "linear", "linear", "linear"], "nodeDeltas": [[-0.031066508891664207, -0.04082895876464184, -0.03461206061145132, 0.03028333006456343, 0.009930940929811918, -0.07292895911428632, -0.049746336510770296, -0.12197422903859499, -0.04595162252155149, 0.015399689812980302], [-0.13001813358895117, 0.022223928732900584, 0.042976433553873254, -0.004817227244879227], [-0.17101119580446955]]}