{"layerCount": 4, "neuronDistribution": [2, 10, 4, 1], "weights": [[[1.0755077932302703, 0.2662794057926158], [0.5547409949578243, 0.6884871013819734], [0.5421009232889141, 0.4233104494482441], [0.2037435785631829, 0.7508542338937995], [0.4306384040594809, 0.5568890217966935], [0.13126827894439122, 0.7883318463237661], [0.31436158850997453, 0.7419370446937943], [0.018624889783900676, 0.7670942228694345], [0.5089259489675164, 0.7193865451635808], [0.4739498834864809, 0.1643580804421934]], [[0.3685966639023175, 0.5244466883799025, 0.09152299896194291, 0.23910592632778, 0.5004302380333626, 0.13741082454281073, 0.2244647056008257, 0.25495819945714865, 0.3528668262213087, 0.34427884716762713], [0.9405436585634762, 0.1908046059964027, 0.4355727600975111, 0.6285632359368725, 0.739011585025914, 0.10576917165302449, 0.4692019624562474, 0.16280473788990618, 0.37917976748879567, 1.0569802236838004], [0.523348416146444, 0.1844283743268166, 0.9114288365051713, 0.916118957771713, 0.5888046046153396, 0.7076447400808884, 0.8079421522069569, 0.9802276865035033, 0.6742713911660106, 0.9370233781819649], [0.6417489662877602, 0.46203479255248037, 0.5793175545952807, 0.7122032221767355, 0.7318610796723494, 0.9519051032608103, 0.6433693744822963, 0.5065413332753026, 0.8225482409711479, 0.8492598164683528]], [[0.10048932256179426, 0.7812135899950929, -0.175479782502394, -0.23501056881681523]]], "biases": [[0.5885411045377582, 0.1443387534969325, 0.4851417807818558, 0.5678292617678511, 0.1001617139676004, 0.460712716226349, 0.5610115892102083, 0.9074755839576485, 0.3665640541730767, 0.8878781219080544], [0.8352949738526285, 0.47183428342006606, 0.5461937515214063, 0.6467283034496943], [1.136288587571132]], "actvFns": ["linear", "linear", "linear", "linear"], "nodeDeltas": [[-0.08406604831569767, -0.009661496101099128, -0.00848195607331493, -0.029698178228155857, -0.05596909157298456, 0.03994756269958715, -0.015271697422273033, 0.021963247635553112, -0.0031855310797245205, -0.07884865530082233], [-0.015964716410836185, -0.12411122995573536, 0.02787843416660717, 0.03733607699865428], [-0.1588697784385893]]}