{"layerCount": 4, "neuronDistribution": [13, 20, 10, 1], "weights": [[[0.4173815525357498, 0.5340943343031989, 0.0026916070377785146, 0.7973710030320771, 0.1324892929542959, 0.5230788093321812, 0.6902969955785742, -0.07313779767249716, 0.6153553193375243, 0.35141918052344273, -0.30002030418395254, -0.23551106804242153, 0.25880624113715506], [0.258827408410461, 0.013380131685608587, 0.19630559534645756, 0.6768106595902351, 0.29166411689404564, -0.1831829127436751, -0.35393603388249817, 0.40077176864738645, 0.06484969063177144, 0.5035004591309934, 0.0024884578483567615, 0.5533021133752318, -0.08622931397687432], [0.07353672803698881, 0.519663696563906, 0.4183878676826743, 0.03518918919628578, 0.02760866569403804, 0.03731201210132668, 0.1017806952044585, -0.27761327514236556, 0.19952579558020497, -0.057569779206403895, -0.2695936974948718, 0.2973639577881848, 0.3057056830638102], [0.0776193556834366, 0.1868926921581327, -0.11185767401417598, 0.36932262739112526, 0.08920670663425925, 0.5173216432865265, 0.43333478134893894, 0.06409795081456607, 0.0010951738736505899, 0.48705896159618034, 0.18954965783983765, 0.22765549434613724, -0.2113943377108858], [0.1201948009714766, 0.3346658200174438, -0.13285016022177126, 0.7659730798113537, 0.34678270995821686, -0.016168848887744888, 0.079634084436004, 0.1605793836496401, 0.2504978774312429, 0.5390469175581355, -0.17128493921534213, 0.12609675064619674, 0.45130330073630437], [0.7471859859077764, 0.4358204936628481, -0.12420171525648611, 0.7261727937513167, -0.11799259068598998, 0.7376142685197057, 0.18354783541549874, 0.37408983518818706, 0.15486594439132953, 0.1846372270205958, 0.4914700401277324, 0.0022804637546875507, 0.5722944784676028], [-0.032852916008409616, 0.05642409356617211, 0.529032654099974, 0.432317694566981, -0.09538845723997223, -0.32258557899418, -0.3047661276296338, -0.028844708000886357, -0.15719751715058983, -0.2510443899544903, 0.06443651695003087, -0.3732474915382849, -0.12436806680662982], [-0.37148902206519124, 0.25392623468338354, 0.32397897415797416, 0.6152760296563771, -0.15137066367130333, -0.28659855647986576, -0.0919218135073395, 0.17069351590140963, -0.33324956590835275, 0.47108148253998805, 0.26038784752641847, -0.33154716188314864, -0.27516644345968544], [-0.24377518471238288, -0.05442580940943536, -0.09212170927479467, 0.9118324472159878, -0.26850367465722746, -0.3693191003701449, -0.3843491811327963, -0.024369992881443914, 0.0827836930108191, -0.12666816958280397, -0.313863202936065, -0.3050864029473536, -0.33045392569245974], [-0.3752033997959565, 0.5801775059687185, -0.10415726234109088, 0.5059173401063184, 0.033224945856961736, -0.4002273655301602, 0.3344106601411859, -0.11706252664634727, 0.2307480297461334, -0.4014980611071795, 0.553367948080383, -0.050057231150248, -0.37608911259613387], [0.4578016968310945, 0.5986196435785553, -0.08035641586964862, 0.5640112891015888, -0.2503915020344577, -0.334780162283102, 0.011089954201018994, -0.41710659820603885, 0.4452023031270078, 0.33914282647973454, 0.41539438082831515, 0.387535628959121, -0.3775871398920339], [0.4261831173886836, -0.07498282237720241, 0.6114812097075435, 0.3643929146995568, 0.22002179987719997, -0.18818447835779023, 0.02411393141491004, 0.3729853334426551, 0.17068295571914655, 0.6258077414410471, 0.11193935861423357, 0.47438297421535497, 0.4586650512928763], [-0.1902436916916086, 0.6009505568634366, 0.36408941181407495, 0.3917761621553384, 0.33294710112152015, 0.41080209990861155, -0.3611543148556465, 0.463318531841999, -0.2296690528778241, 0.5169891858220191, 0.6195580046204732, -0.1629517453208645, 0.565147989872174], [0.07418014402520981, -0.10096276695835751, -0.2990879217474661, 0.9162720079284936, 0.5255600804406303, 0.3241053139882097, -0.38519280955654633, 0.43203687857046214, 0.33296981883876814, -0.3422753061145017, 0.36837438570831643, 0.4036903077082576, 0.4227497919217273], [0.021430092306587867, 0.5750195539923156, 0.36303114834025263, 0.6069552090272793, 0.4741037262745295, 0.5081449113015342, 0.6365213799376168, 0.30821144198637607, 0.5313879734399529, 0.5806911581928064, 0.48450032061273496, 0.328902103219574, 0.5370779780536156], [-0.32356864301215466, 0.42346047013562294, 0.03735969685362123, 0.06267271588729217, 0.23805896345771566, 0.29744639400514333, -0.41017821654820985, -0.056743874222657135, 0.4315617786378833, -0.06771562806350497, -0.14123404740645265, -0.12781098373889963, -0.3291318835993137], [0.20318092187160827, 0.7219786688988138, 0.4698841206776456, 0.29079466093861944, 0.3937635168141693, 0.08780657583528087, 0.30491869336490357, -0.3941351225666434, 0.46874889296157124, 0.09756092497759597, -0.25429356186307167, -0.4212487850553978, 0.042083093801364345], [-0.014504650932613876, 0.08324007984568019, -0.13033917319571003, 0.14050177156010968, -0.21648942243017746, -0.09072009100308136, -0.37556537583442856, 0.34031758909373316, 0.5183548560565433, -0.003268282156887713, 0.3854863102537368, 0.4994142590659776, 0.33126142387610125], [0.012370325423370304, 0.03997538174206668, 0.15991582437030974, 0.5009034977912392, 0.09192999055492602, 0.5800262048201701, -0.22789875532077036, -0.12825390811035234, 0.649018217709538, -0.22511586542884662, 0.3700483351349929, 0.6572382401669674, 0.38276757060864264], [0.12269917046223587, 0.34471530823087526, 0.3008568378153196, 0.6396469789403627, -0.15946486600976117, 0.711499566623753, 0.435103874917288, 0.5738898077905585, 0.2014335637987553, 0.3838348364405774, 0.15561397890915643, 0.6480201616932072, -0.0834325484005454]], [[0.9614479929837078, 0.8991343140031827, 0.8357520281260035, 0.399782580371158, 0.12092461693690308, 0.4702511559169611, -0.1287234305592891, 0.3630163072051524, 0.6035595161036453, 0.1851146461351081, 0.3006684894082749, 1.0262449839364463, 1.0146129670059554, 0.550049062722887, 0.5562621516036286, 0.7947168767129131, 0.12953851758295012, 0.22761883766023341, 0.4305573944963247, 0.7200593441680343], [0.29199131092130676, 0.5021208267665244, 0.6392368297168012, 0.5268257063240669, -0.021530597628252976, 0.5152757669613373, 0.466178422103497, 0.35039785808487395, 0.5834291612329829, 0.2715400445711278, -0.15728340317740408, -0.15201679355495246, 0.2674494461416053, 0.3048089614158209, -0.1012646750819365, 0.5795308706286811, 0.07003756170680021, -0.2985735242253671, -0.09301917868013268, 0.348656990743203], [-0.03372841297107949, 0.29896378544540464, -0.025323587988260864, -0.35469656026555735, 0.1987026123355086, -0.09591548069566264, 0.45788565730334563, 0.051154382404923204, 0.7700931309860469, 0.1874242228701075, 0.34805661845694685, -0.12835595902180008, -0.3370517903655347, 0.5520329689952764, 0.2354052039365215, 0.39376247874934456, 0.060320380620467934, 0.4210901614174628, -0.09872556827795757, -0.09380680904257878], [-0.31774337497807864, 0.5344730907781915, 0.18748030913104313, 0.22442726316551057, 0.30165738614279275, -0.30728164815231485, 0.3889412722991128, 0.3888748497935842, 0.26287715901349074, -0.08131129871818578, -0.15669170544834257, 0.09739214933275676, 0.29353476465550987, -0.0650736494453918, -0.17169407988757082, 0.5010970644872244, 0.3514349710206855, 0.3006385788979333, 0.4076231256230838, 0.041042584980800094], [-0.37067170354570006, 0.12680881471379324, -0.3171324862150685, 0.1009412118252872, -0.3849122256695167, -0.4026487477631072, -0.11672546565265551, 0.04294216458780204, -0.04534626195643182, 0.6594529782248223, 0.03192430656852628, -0.18014114787741747, 0.2994928588737112, -0.2487440229967214, 0.4698009568542438, 0.1220548025182085, -0.061991988796962216, 0.18303325184471228, -0.030013810120823495, -0.15584560832252645], [-0.36822319301527745, 0.2068140957620272, 0.03133056317990091, -0.01401730293709051, 0.4071512868638137, -0.3094873196173828, 0.21875148124794389, -0.18193283080736689, -0.15136642622440327, 0.6254548265118514, 0.3311998536626506, -0.09671019172780024, -0.3523556343745297, -0.16306456595005528, -0.278509648992335, -0.1805281265919455, 0.5379719748408782, 