{"layerCount": 4, "neuronDistribution": [13, 20, 10, 1], "weights": [[[-0.0008380615192527375, -0.045554921670833554, -5.624449720827737e-05, -0.008137130326005855, 0.059408852251357794, 0.0442387587914852, -0.05877248859734874, 0.04335224883282596, -0.035328303587552734, -0.03920521287387768, 0.0137202771551533, -0.20864674317426815, 0.014833602761192867], [-0.05027583734404175, 0.019272502424861265, -0.03053584948453904, -0.05691546419696596, -0.04846671664809944, -0.06431419020841478, 0.0377272700052499, 0.060103411475816944, -0.06206658301724978, 0.014611730500309844, -0.03332579090369751, -0.16243461577393797, 0.06150578221809067], [0.009925111352896797, -0.08063064969180431, 0.04371601903196243, -0.051579613170198574, 0.004314332949264879, 0.028179294502745946, -0.06694736006052471, -0.06001893433696034, -0.01733542244723676, 0.036528057591143394, -0.05516554933208076, -0.22239210075093088, 0.03884168585732599], [-0.05924579200832815, -0.011957059273761343, 0.0679163504156202, 0.013129968883463967, -0.01058898333516697, -0.02692178774891117, 0.0790357821759317, -0.02580196798134385, -0.08003183640311073, -0.03606861470785875, 0.052311612664904306, 0.23715962116221762, -0.069350660624314], [-0.07229026204163985, 0.04103862029307076, 0.01894647507547685, -0.040984704818855015, -0.03664923488261007, -0.03304710325321032, 0.03593647929755442, -0.07206659223696674, 0.006894054049763122, 0.07425384492816564, -0.061826982267041586, 0.23022242853131192, -0.052949725257781584], [-0.01403588316101499, 0.04253780794064195, 0.02923781139456111, -0.07649623959519349, 0.02169374736082078, 0.055594782156686846, -0.08599225776431668, -0.07320283590660615, -0.02245891909058663, -0.01711688310045271, -0.06276770286223386, 0.10728152556767159, -0.03340415518442765], [-0.04013127496432075, 0.05682466130259901, -0.04220691391308607, -0.018293125676088894, -0.06381957186204008, -0.03962043268386214, -0.011007827719617176, -0.05763653382159571, -0.03625732029261232, -0.060937419445542554, -0.017567675599287864, 0.19034542551077827, -0.02287062659567237], [-0.07115521274582046, 0.08733397961891964, -0.062049146582879376, -0.007500573792494766, -0.004477504579992252, -0.00047853638031719327, 0.06816514518311206, 0.021485540263611363, 0.023141901605622912, 0.024632339608680883, 0.025914169138942064, 0.17787616713165702, 0.01906779074080309], [-0.05205694222398619, 0.009041518420398888, -0.006130050697145155, 0.061930936152434134, 0.05974066898311848, 0.03606591597467828, 0.07405951274209253, 0.04034938510081238, -0.07830254430147017, -0.06438223320579807, -0.06679418941736544, 0.24165875004430984, -0.04287505862252801], [-0.045309973809770684, 0.09515719405170192, 0.032792811289127644, 0.058045201555363926, -0.01630768274100193, 0.0744547237343064, 0.0789123146517187, 0.06458801290236635, -0.073131789542162, 0.07589894695746689, 0.02866208635911565, 0.21515423035186432, 0.06250680232534062], [-0.0476547686637424, 0.04011544310712299, 0.03325138080654069, 0.03789994911879474, 0.029100083103011373, 0.0224369939918673, -0.06832193966205213, 0.029765690567006023, 0.010184540342324704, 0.07922538995912068, 0.07585918778372147, 0.21456638844959774, -0.07898956103977389], [0.0005381972989981305, -0.047535068004847025, -0.011180221400945312, 0.026128208966245306, 0.048552252278141785, 0.009401936010329077, -0.024380700911183377, 0.005420919091237733, 0.05502163854896043, -0.06611162939132396, -0.006325141531488404, 0.18819261904858378, -0.03536817661948008], [0.007170062909444756, 0.02234705912464604, -0.06811060456341798, 0.06370917481071621, 0.0021702262163414963, 0.06035008468633275, 0.04376805930400377, -0.02985087562876285, 0.009038301410336883, -0.047311075643905784, 0.0496644346618492, 0.11749163501035638, -0.061390342171476056], [0.024412697234325317, 0.04629458452830858, -0.047494106380509424, 0.014746581037528348, 0.07503791931910155, 0.06327111961534249, 0.06615312259508296, 0.05313328349685323, 0.023129188989798793, 0.07437515601604928, 0.07476812547335376, 0.23555125236020175, -0.05998877803701112], [0.050595296285742844, -0.07946353081203335, 0.032886385955174915, -0.019715783407511657, -0.05516237642707722, -0.0019235107396025674, -0.07765365435619243, -0.009750056232921002, 0.038832968558659774, 0.06289892342553155, -0.06729627246006488, -0.13373222930367926, -0.020433626898913416], [0.004974229781886131, -0.08740836827278028, 0.02943505355956255, 7.078091909737996e-06, 0.05712064517916956, 0.05953250008467772, -0.02525327132518307, 0.027949535519212716, -0.008136282240522907, -0.04810806270298386, 0.004614971978914434, -0.10179043793011372, 0.0477524300784622], [-0.045954103795695415, 0.08122814909023439, 0.03755434705830656, 0.02692096815085236, -0.024814721113653012, -0.05368374439395492, 0.049361426155506406, 0.0032986765827811198, 0.014395964894793369, 0.03306807292258843, 0.023211310092586392, 0.17759530784385855, 0.002823077558208173], [0.05166623629294805, 0.0902929875641593, 0.03394428301207494, 0.04609812840427818, 0.029930289886648257, 0.023691909732141973, 0.015143870935141097, -0.008660824358766063, -0.052792189848827255, -0.015392376628823236, 0.016347430432250867, 0.1446496090300681, -0.03754384066515256], [0.062469795843708285, 0.03750198237492236, -0.014348357046843112, 0.06929613234791618, 0.03237442197422597, 0.057926781517968595, 0.004413738015530653, -0.04339627199074693, -0.06374397795794667, 0.018440172590028166, 0.0383156039678693, 0.21504036671264773, -0.06140476611615217], [-0.049128400861991335, 0.07177736737601247, 0.035029903479894105, -0.02706283841444546, -0.02008941770923875, -0.044143940352203814, 0.047597770278451475, -0.01964415831055835, 0.02861156806152479, -0.02803937528255592, 0.0391352143895766, 0.20524464675367043, -0.0754898120368533]], [[0.016148975016233913, 0.03779048485595514, -0.002187427692639382, -0.03824308519411102, -0.0385382362650194, -0.022245809088447574, -0.007508048094586836, -0.004031395808334489, -0.01935286710941838, -0.0061315017809574985, -0.0947757567429351, -0.04062126067371112, -0.05726530535209725, -0.015260733012217732, -0.007831448688351759, 0.037319264908974865, -0.018716099824975102, 0.022950926188857697, -0.02704854111656418, -0.04800500454814492], [0.003892572161700171, 0.0275405871043339, -0.04535958693720045, -0.07795481817329915, -0.09737958996424609, -0.00572342053735072, 0.020945324702685956, -0.027742773790878437, -0.0007539772171808215, -0.07154558125792888, -0.024412101393257026, -0.034095334709739675, 0.029357942807165006, -0.08986297639284896, -0.023779081207099782, 0.04022465677088489, -0.05160216694513418, 0.003456062093274809, 0.009468771875942325, -0.030154877460750455], [0.04721728290367584, -0.027403079613731566, -0.0419804308759309, 0.011045392687155119, -0.0804330654146645, -0.03334426054390971, -0.034290553354243046, -0.06975886770689686, -0.03847163800811362, -0.06890762076626031, -0.046993350801759454, 0.019800335474608934, -0.05376383824904143, -0.08503536685354464, -0.060132174104149776, -0.05089060697019834, 0.01948225100171548, -0.02461696014930649, -0.05349839873983663, -0.0734509834371255], [-0.008569890664301617, -0.025917732264187282, -0.04381322240545267, 0.0009673557000691636, 0.0824456761668502, -0.002541787208183742, 0.06741439020639937, 0.023460978905385992, 0.08755628372778557, 0.08685252919482912, -5.8844682516566424e-05, 0.028062848554386777, 0.016595968944961747, 0.04317108101359662, -0.03144168884978981, -0.012781325605720251, 0.03640513606802687, -0.020346378129449394, 0.08122504621683323, 0.05675840149842357], [0.04233374511487695, -0.03649814799609794, -0.04392618847819721, 0.04516877811373701, 0.08336127951971377, 0.04881299814849077, 0.014247466984035985, 0.002378463818079909, 0.02672713138554038, 0.062915548246351, 0.06162263108480886, 0.071226165984889, 0.04391423071915518, 0.03618499294740823, -0.026839421941625793, 0.04683857751041897, 0.06447709707868866, 0.015666064602697965, 0.013122892863783946, 0.07647757278586051], 